{"cameraMode":{"drawMode":0,"name":"Shaded","section":"Shading Mode"},"sceneLighting":false,"audioPlay":false,"sceneViewState":{"showFog":true,"showMaterialUpdate":false,"showSkybox":true,"showFlares":true,"showImageEffects":true,"showParticleSystems":true},"in2DMode":false,"pivot":{"x":-10.405919075012207,"y":-2.1424639225006105,"z":4.050665855407715},"rotation":{"x":-0.2568930685520172,"y":0.010737450793385506,"z":-0.0028530380222946407,"w":-0.966376006603241},"size":10.947059631347657,"orthographic":false}