{"cameraMode":{"drawMode":0,"name":"Shaded","section":"Shading Mode"},"sceneLighting":false,"audioPlay":false,"sceneViewState":{"showFog":true,"showMaterialUpdate":false,"showSkybox":true,"showFlares":true,"showImageEffects":true,"showParticleSystems":true},"in2DMode":false,"pivot":{"x":-2.1021504402160646,"y":-0.9349031448364258,"z":2.183716297149658},"rotation":{"x":-0.29556670784950259,"y":0.35431981086730959,"z":-0.11911892890930176,"w":-0.8791521191596985},"size":11.208046913146973,"orthographic":false}