{"cameraMode":{"drawMode":0,"name":"Shaded","section":"Shading Mode"},"sceneLighting":false,"audioPlay":false,"sceneViewState":{"showFog":true,"showMaterialUpdate":false,"showSkybox":true,"showFlares":true,"showImageEffects":true,"showParticleSystems":true},"in2DMode":false,"pivot":{"x":-5.523858070373535,"y":-0.14497613906860352,"z":3.719395637512207},"rotation":{"x":-0.2212086170911789,"y":0.590538740158081,"z":-0.17264293134212495,"w":-0.7566539645195007},"size":8.351858139038086,"orthographic":false}