{"cameraMode":{"drawMode":0,"name":"Shaded","section":"Shading Mode"},"sceneLighting":false,"audioPlay":false,"sceneViewState":{"showFog":true,"showMaterialUpdate":false,"showSkybox":true,"showFlares":true,"showImageEffects":true,"showParticleSystems":true},"in2DMode":false,"pivot":{"x":-12.500200271606446,"y":-4.596059322357178,"z":16.639575958251954},"rotation":{"x":-0.1109619140625,"y":0.4281752407550812,"z":-0.05306822061538696,"w":-0.8952861428260803},"size":30.4551944732666,"orthographic":false}