{"cameraMode":{"drawMode":0,"name":"Shaded","section":"Shading Mode"},"sceneLighting":false,"audioPlay":false,"sceneViewState":{"showFog":true,"showMaterialUpdate":false,"showSkybox":true,"showFlares":true,"showImageEffects":true,"showParticleSystems":true},"in2DMode":false,"pivot":{"x":-1.635657787322998,"y":1.9171810150146485,"z":0.9646081924438477},"rotation":{"x":-0.21390482783317567,"y":0.5566039085388184,"z":-0.15100595355033875,"w":-0.7884377837181091},"size":7.28842830657959,"orthographic":false}