{"cameraMode":{"drawMode":0,"name":"Shaded","section":"Shading Mode"},"sceneLighting":false,"audioPlay":false,"sceneViewState":{"showFog":true,"showMaterialUpdate":false,"showSkybox":true,"showFlares":true,"showImageEffects":true,"showParticleSystems":true},"in2DMode":false,"pivot":{"x":-0.2018408179283142,"y":-0.7151645421981812,"z":3.2236127853393556},"rotation":{"x":-0.13311512768268586,"y":0.0659528374671936,"z":-0.008878452703356743,"w":-0.9888638854026794},"size":5.504795074462891,"orthographic":false}