{"cameraMode":{"drawMode":0,"name":"Shaded","section":"Shading Mode"},"sceneLighting":false,"audioPlay":false,"sceneViewState":{"showFog":true,"showMaterialUpdate":false,"showSkybox":true,"showFlares":true,"showImageEffects":true,"showParticleSystems":true},"in2DMode":false,"pivot":{"x":-1.0174250602722169,"y":1.32976233959198,"z":-0.3588920831680298},"rotation":{"x":-0.21604005992412568,"y":-0.021383672952651979,"z":0.0047323619946837429,"w":-0.9761388897895813},"size":10.589375495910645,"orthographic":false}