{"cameraMode":{"drawMode":0,"name":"Shaded","section":"Shading Mode"},"sceneLighting":false,"audioPlay":false,"sceneViewState":{"showFog":true,"showMaterialUpdate":false,"showSkybox":true,"showFlares":true,"showImageEffects":true,"showParticleSystems":true},"in2DMode":false,"pivot":{"x":-0.5549317002296448,"y":3.0098423957824709,"z":5.415633201599121},"rotation":{"x":-0.014055741019546986,"y":0.9847492575645447,"z":-0.09572070091962815,"w":-0.14459937810897828},"size":0.49843651056289675,"orthographic":false}