{"cameraMode":{"drawMode":0,"name":"Shaded","section":"Shading Mode"},"sceneLighting":false,"audioPlay":false,"sceneViewState":{"showFog":true,"showMaterialUpdate":false,"showSkybox":true,"showFlares":true,"showImageEffects":true,"showParticleSystems":true},"in2DMode":false,"pivot":{"x":0.24088382720947267,"y":-9.071231842041016,"z":3.1002113819122316},"rotation":{"x":-0.324137419462204,"y":-0.6727513074874878,"z":0.5080506801605225,"w":-0.42921462655067446},"size":2.8578836917877199,"orthographic":false}