{"cameraMode":{"drawMode":0,"name":"Shaded","section":"Shading Mode"},"sceneLighting":true,"audioPlay":false,"sceneViewState":{"showFog":true,"showMaterialUpdate":false,"showSkybox":true,"showFlares":true,"showImageEffects":true,"showParticleSystems":true},"in2DMode":false,"pivot":{"x":8.272001266479493,"y":-10.095745086669922,"z":1.4964561462402344},"rotation":{"x":-0.27627649903297427,"y":-0.7225450277328491,"z":0.4231671988964081,"w":-0.47173047065734866},"size":19.505069732666017,"orthographic":false}